variant,variant_name,epoch,train_loss,val_auc
ab010,casgnet_only_grn,1,1.9543889955099587,0.5440546863346386
ab010,casgnet_only_grn,2,1.857077309392186,0.669912750280773
ab010,casgnet_only_grn,3,1.8279553666189583,0.6142898102924045
ab010,casgnet_only_grn,4,1.6998881468295475,0.6289155270969268
ab010,casgnet_only_grn,5,1.6036469727862441,0.7263171707510144
ab010,casgnet_only_grn,6,1.5130364174434445,0.7496359295115286
ab010,casgnet_only_grn,7,1.4960499412331851,0.7721466947926706
ab010,casgnet_only_grn,8,1.3886507635956362,0.7444090158257063
ab010,casgnet_only_grn,9,1.4106814553567957,0.7740967115593459
ab010,casgnet_only_grn,10,1.316481813015495,0.7642401796521862
ab010,casgnet_only_grn,11,1.2602914246776566,0.794882233803416
ab010,casgnet_only_grn,12,1.1474161875693731,0.8280468137818378
ab010,casgnet_only_grn,13,1.1653340826276128,0.8290849440227904
ab010,casgnet_only_grn,14,1.1490492280055875,0.8246910760969416
ab010,casgnet_only_grn,15,1.0866660971118112,0.8706452157427363
ab010,casgnet_only_grn,16,1.0780126312242055,0.863434373754884
ab010,casgnet_only_grn,17,1.0341824232741057,0.8734814693055348
ab010,casgnet_only_grn,18,1.0121625701394674,0.8883724183979831
ab010,casgnet_only_grn,19,1.001628120356791,0.8721146363452938
ab010,casgnet_only_grn,20,0.990078754534336,0.9031571773242073
ab010,casgnet_only_grn,21,0.9460285115443323,0.8823829183500338
ab010,casgnet_only_grn,22,0.9778532360661303,0.895819176891704
ab010,casgnet_only_grn,23,0.915583947958791,0.9020199272775945
ab010,casgnet_only_grn,24,0.9063109047306461,0.904305116723541
ab010,casgnet_only_grn,25,0.9076292755664186,0.9128085088767418
ab010,casgnet_only_grn,26,0.8889060287912735,0.9102531221459677
ab010,casgnet_only_grn,27,0.8752023947253302,0.9138965581637739
ab010,casgnet_only_grn,28,0.8280077406954564,0.8893814411273999
ab010,casgnet_only_grn,29,0.8502663133083983,0.9140037506669261
ab010,casgnet_only_grn,30,0.7934060010461381,0.9261768165694544
ab010,casgnet_only_grn,31,0.7731279615038698,0.8934978258443845
ab010,casgnet_only_grn,32,0.7896346971842003,0.91363635434588
ab010,casgnet_only_grn,33,0.772530558960573,0.9190095645572102
ab010,casgnet_only_grn,34,0.7489875432809385,0.9053476437514841
ab010,casgnet_only_grn,35,0.6841038779700478,0.9154679028247603
ab010,casgnet_only_grn,36,0.6793385004968494,0.9252614952403068
ab010,casgnet_only_grn,37,0.6958503928776961,0.8864154691374758
ab010,casgnet_only_grn,38,0.6902700771181086,0.908070950298867
ab010,casgnet_only_grn,39,0.6486430788644116,0.9289226255478835
ab010,casgnet_only_grn,40,0.7288856714856063,0.8992178049687641
ab010,casgnet_only_grn,41,0.6990502646374904,0.918482175449802
ab010,casgnet_only_grn,42,0.6877672561546574,0.9103734873569429
ab010,casgnet_only_grn,43,0.6430257569607549,0.9090062917745598
ab010,casgnet_only_grn,44,0.6279897099524844,0.9127822754168523
ab010,casgnet_only_grn,45,0.5918076164184635,0.9135624276382804
ab010,casgnet_only_grn,46,0.5795762487861302,0.9000576893250957
ab010,casgnet_only_grn,47,0.6019178109807474,0.9099245723778734
ab010,casgnet_only_grn,48,0.5587457410173335,0.9044311543447725
ab010,casgnet_only_grn,49,0.5715650870802894,0.9263616541080666
ab010,casgnet_only_grn,50,0.5205032693893975,0.9381501899165077
ab010,casgnet_only_grn,51,0.5579223220828646,0.9186280871513973
ab010,casgnet_only_grn,52,0.5047158994346821,0.923278256444106
ab010,casgnet_only_grn,53,0.49650413092715606,0.9313208999374007
ab010,casgnet_only_grn,54,0.4545455362885939,0.9404249751661037
ab010,casgnet_only_grn,55,0.46979169125148557,0.939202732143009
ab010,casgnet_only_grn,56,0.5274409416645083,0.9454722539797241
ab010,casgnet_only_grn,57,0.45912274477421444,0.9223296474428434
ab010,casgnet_only_grn,58,0.4708484260250777,0.918760418228884
ab010,casgnet_only_grn,59,0.48745019703348524,0.9259182033334924
ab010,casgnet_only_grn,60,0.4875780730109451,0.9188049868581808
ab010,casgnet_only_grn,61,0.36736286028015314,0.9353423353705637
ab010,casgnet_only_grn,62,0.42673193358684763,0.9207285215099262
ab010,casgnet_only_grn,63,0.4656764464082131,0.921245835020887
ab010,casgnet_only_grn,64,0.43943686734781623,0.9187083669012389
ab010,casgnet_only_grn,65,0.4517844368954188,0.9038827024806223
ab010,casgnet_only_grn,66,0.3654732270968406,0.913320326171338
ab010,casgnet_only_grn,67,0.36484629372348254,0.9055230458467312
ab010,casgnet_only_grn,68,0.35964419053748375,0.9215711507088472
ab010,casgnet_only_grn,69,0.40179622608301,0.9102751511224713
ab010,casgnet_only_grn,70,0.37976111829352754,0.92376254740301
ab010,casgnet_only_grn,71,0.3822550560438734,0.9211733615717079
ab010,casgnet_only_grn,72,0.34005210490220994,0.935357816156807
ab010,casgnet_only_grn,73,0.32277716795124106,0.9326178967144142
ab010,casgnet_only_grn,74,0.35520333612497235,0.9194600329685461
ab010,casgnet_only_grn,75,0.38217889011553313,0.9406271332995778
ab010,casgnet_only_grn,76,0.3129306808383675,0.9230269374198664
ab010,casgnet_only_grn,77,0.28723322823913305,0.9133873756043502
ab010,casgnet_only_grn,78,0.3170002824542606,0.9421830466167157
ab010,casgnet_only_grn,79,0.3132577203079357,0.9251155059494963
ab010,casgnet_only_grn,80,0.3229800782675335,0.9280446193028158
ab010,casgnet_only_grn,81,0.31248427055713207,0.9340344825397368
ab010,casgnet_only_grn,82,0.292061084357907,0.9251186384897319
ab010,casgnet_only_grn,83,0.33306868750022317,0.9383210979327684
ab010,casgnet_only_grn,84,0.2649033358286891,0.9413350379265593
ab010,casgnet_only_grn,85,0.2516659778982077,0.9381567898552999
ab010,casgnet_only_grn,86,0.2769651192232553,0.9246909880348514
ab010,casgnet_only_grn,87,0.23838139666003974,0.943536380072249
ab010,casgnet_only_grn,88,0.25328780423099373,0.9307745032323093
ab010,casgnet_only_grn,89,0.2090724548650737,0.9442279457528303
ab010,casgnet_only_grn,90,0.23697063653978134,0.9407799973013714
ab010,casgnet_only_grn,91,0.2658881815768266,0.9445302146758294
ab010,casgnet_only_grn,92,0.24002217944482268,0.9508746457741342
ab010,casgnet_only_grn,93,0.25490773489880764,0.9383839193475904
ab010,casgnet_only_grn,94,0.27758637517331164,0.9444086660267269
ab010,casgnet_only_grn,95,0.23998357945170132,0.9353314591339561
ab010,casgnet_only_grn,96,0.2156316519358765,0.9403165011881128
ab010,casgnet_only_grn,97,0.22571889673268694,0.9376807688480728
ab010,casgnet_only_grn,98,0.1931511329439782,0.9420753935802212
ab010,casgnet_only_grn,99,0.19426062251064832,0.9516646581770265
ab010,casgnet_only_grn,100,0.2510757088769043,0.9418878050398986
ab010,casgnet_only_grn,101,0.2522792173381019,0.9421965843408955
ab010,casgnet_only_grn,102,0.26648206266476826,0.9275663264908961
ab010,casgnet_only_grn,103,0.1794519594480678,0.9382041336524535
ab010,casgnet_only_grn,104,0.21226953032939944,0.9329318888446335
ab010,casgnet_only_grn,105,0.2063725598255314,0.9285723576049992
ab010,casgnet_only_grn,106,0.2617503513275355,0.9240674046517202
ab010,casgnet_only_grn,107,0.22051856649727242,0.940883276281842
ab010,casgnet_only_grn,108,0.23189570637929857,0.9416161312942439
ab010,casgnet_only_grn,109,0.20363960692836522,0.9412225057404756
ab010,casgnet_only_grn,110,0.1851814624519774,0.937802345602139
ab010,casgnet_only_grn,111,0.181540723418226,0.9395954195284287
ab010,casgnet_only_grn,112,0.20700638228072477,0.9335794437216804
ab010,casgnet_only_grn,113,0.17144574579053679,0.9391269938497642
ab010,casgnet_only_grn,114,0.17656739193618082,0.9464514430637531
ab010,casgnet_only_grn,115,0.1184817359336754,0.9552295027071419
ab010,casgnet_only_grn,116,0.12544826857646785,0.9467540429836158
ab010,casgnet_only_grn,117,0.22204429817142188,0.9325577473600344
ab010,casgnet_only_grn,118,0.15756054310660597,0.9453479620208537
ab010,casgnet_only_grn,119,0.18759004847203867,0.9294608641485755
ab010,casgnet_only_grn,120,0.18947586830620022,0.94330538273619
ab010,casgnet_only_grn,121,0.20094053460278327,0.9383860833167643
ab010,casgnet_only_grn,122,0.1588419477744039,0.941619898672461
ab010,casgnet_only_grn,123,0.12972279506835488,0.9497542863600366
ab010,casgnet_only_grn,124,0.13711092496836788,0.9371018942468872
ab010,casgnet_only_grn,125,0.11272224954658595,0.9461834261722724
ab010,casgnet_only_grn,126,0.1278908967037109,0.9479553397132234
ab010,casgnet_only_grn,127,0.15558278909350765,0.9439170217088231
ab010,casgnet_only_grn,128,0.14154647044451016,0.9389018749873163
ab010,casgnet_only_grn,129,0.13841057450154434,0.9442720126009395
ab010,casgnet_only_grn,130,0.16042486983559243,0.935000509461085
ab010,casgnet_only_grn,131,0.1901704054438162,0.948501683551447
ab010,casgnet_only_grn,132,0.19322916529218884,0.9397045694199511
ab010,casgnet_only_grn,133,0.1513393325922141,0.9432905331185883
ab010,casgnet_only_grn,134,0.15162083357392808,0.9444900973087463
ab010,casgnet_only_grn,135,0.17884116838219946,0.9427570620632041
ab010,casgnet_only_grn,136,0.12829684344793257,0.9367143870087967
ab010,casgnet_only_grn,137,0.1658626149517492,0.9473633535843593
ab010,casgnet_only_grn,138,0.166225696052228,0.9459753179853195
ab010,casgnet_only_grn,139,0.1303318867637395,0.9532847511813466
ab010,casgnet_only_grn,140,0.10931465283162056,0.9316515297346616
ab010,casgnet_only_grn,141,0.14195056051123703,0.9490043626502429
ab010,casgnet_only_grn,142,0.14115593461061415,0.9436217261613604
ab010,casgnet_only_grn,143,0.11387842425579976,0.9483120811376798
ab010,casgnet_only_grn,144,0.18925559294238165,0.9440462261604283
ab010,casgnet_only_grn,145,0.14374391804702033,0.9328708876109049
ab010,casgnet_only_grn,146,0.14701456309659058,0.9275933839175738
ab010,casgnet_only_grn,147,0.11029497879154,0.9376555915041764
ab010,casgnet_only_grn,148,0.11102878238524977,0.9397015670831469
ab010,casgnet_only_grn,149,0.10172567113029655,0.9386870168684666
ab010,casgnet_only_grn,150,0.12692425346992847,0.9342734283684033
ab010,casgnet_only_grn,151,0.10085075432198758,0.9284671042815303
ab010,casgnet_only_grn,152,0.16489287130579586,0.9022947808685061
ab010,casgnet_only_grn,153,0.11742491381123787,0.9434243205426023
ab010,casgnet_only_grn,154,0.1268496956357191,0.9380407859731508
ab010,casgnet_only_grn,155,0.1038413103602476,0.9490477199236412
ab010,casgnet_only_grn,156,0.11042028555446569,0.9292660349641456
ab010,casgnet_only_grn,157,0.11662127167004441,0.9331570177215538
ab010,casgnet_only_grn,158,0.10252846837654908,0.9267152628288436
ab010,casgnet_only_grn,159,0.10556560348544103,0.9097420209005879
ab010,casgnet_only_grn,160,0.1115527862123471,0.9388671176854827
ab010,casgnet_only_grn,161,0.12406950384666031,0.9331466167504008
ab010,casgnet_only_grn,162,0.10084646613088821,0.9172499329011209
ab010,casgnet_only_grn,163,0.15333324314889343,0.9174690198472687
ab010,casgnet_only_grn,164,0.15840402687703167,0.9131614940326127
ab010,casgnet_only_grn,165,0.14257929322452467,0.9309954420581587
ab010,casgnet_only_grn,166,0.10638832758361669,0.9221890711245668
ab010,casgnet_only_grn,167,0.13638751108122965,0.9322601072530612
ab010,casgnet_only_grn,168,0.12935698956287095,0.9162150888700447
ab010,casgnet_only_grn,169,0.16711733737383017,0.9251798190435846
ab010,casgnet_only_grn,170,0.1530143105581097,0.917108976848749
ab010,casgnet_only_grn,171,0.1317931774316133,0.9262295673246578
ab010,casgnet_only_grn,172,0.11887817063219441,0.9326480357852647
ab010,casgnet_only_grn,173,0.08543320981599166,0.9297814221692274
ab010,casgnet_only_grn,174,0.07646515658091578,0.9374816542422925
ab010,casgnet_only_grn,175,0.07561429785014062,0.9361164406767817
ab010,casgnet_only_grn,176,0.10199153452518478,0.9419424852658995
ab010,casgnet_only_grn,177,0.07548998846291632,0.9422506287321868
ab010,casgnet_only_grn,178,0.07979796044932919,0.9276631102959338
ab010,casgnet_only_grn,179,0.08432490827091065,0.9313411101863736
ab010,casgnet_only_grn,180,0.14944946658050481,0.9284376307984962
ab010,casgnet_only_grn,181,0.1658475445751977,0.9265461949334021
ab010,casgnet_only_grn,182,0.13833230794985993,0.9301140567958923
ab010,casgnet_only_grn,183,0.08024242541902171,0.933250838177044
ab010,casgnet_only_grn,184,0.1103417079972128,0.9220072701274111
ab010,casgnet_only_grn,185,0.11808287420852696,0.9332715594032227
ab010,casgnet_only_grn,186,0.09875847108940738,0.9449435080674485
ab010,casgnet_only_grn,187,0.0834350531473666,0.9358517664047036
ab010,casgnet_only_grn,188,0.10935283596745374,0.9286298106903491
ab010,casgnet_only_grn,189,0.08952832681242606,0.9305946682258996
ab010,casgnet_only_grn,190,0.07585724339392418,0.9250897227098133
ab010,casgnet_only_grn,191,0.11011376557815528,0.9495436322599689
ab010,casgnet_only_grn,192,0.09326920425575519,0.9383034577721995
ab010,casgnet_only_grn,193,0.08833574250214637,0.9383336456042333
ab010,casgnet_only_grn,194,0.07528388582897992,0.9348419009031526
ab010,casgnet_only_grn,195,0.07703868184346521,0.9398307838893339
ab010,casgnet_only_grn,196,0.0978087031061169,0.9379362897180573
ab010,casgnet_only_grn,197,0.09356998548864312,0.9371303182246266
ab010,casgnet_only_grn,198,0.10723451325227254,0.9510609905045373
ab010,casgnet_only_grn,199,0.1487272618062102,0.9384163499607278
ab010,casgnet_only_grn,200,0.11991870886813602,0.947489713908059
