model,split,class,auc,sensitivity,specificity,npv,ppv,acc
casgnet,test,Acetabular Loosening,0.913(0.864-0.955),0.501(0.375-0.625),0.980(0.958-0.995),0.872(0.827-0.915),0.880(0.758-0.971),0.873(0.829-0.911)
casgnet,test,Dislocation,1.000(0.998-1.000),0.838(0.600-1.000),1.000(1.000-1.000),0.992(0.980-1.000),1.000(1.000-1.000),0.993(0.981-1.000)
casgnet,test,Fracture,0.962(0.937-0.982),0.799(0.674-0.912),0.950(0.922-0.977),0.963(0.938-0.986),0.747(0.609-0.875),0.927(0.895-0.954)
casgnet,test,Good Place,0.964(0.945-0.981),0.990(0.967-1.000),0.783(0.725-0.839),0.993(0.976-1.000),0.719(0.640-0.790),0.857(0.814-0.895)
casgnet,test,Spacer,0.999(0.998-1.000),0.938(0.786-1.000),1.000(1.000-1.000),0.996(0.987-1.000),1.000(1.000-1.000),0.996(0.988-1.000)
casgnet,test,Stem Loosening,0.973(0.950-0.992),0.729(0.536-0.897),0.987(0.971-1.000),0.975(0.953-0.992),0.845(0.667-1.000),0.965(0.942-0.984)
casgnet,test,Wear,0.926(0.867-0.974),0.475(0.231-0.733),0.992(0.979-1.000),0.964(0.940-0.984),0.800(0.500-1.000),0.958(0.930-0.981)
densenet121,test,Acetabular Loosening,0.928(0.881-0.965),0.791(0.681-0.895),0.926(0.888-0.961),0.939(0.905-0.970),0.757(0.644-0.862),0.896(0.857-0.934)
densenet121,test,Dislocation,0.997(0.990-1.000),0.838(0.600-1.000),0.996(0.988-1.000),0.992(0.980-1.000),0.909(0.700-1.000),0.989(0.973-1.000)
densenet121,test,Fracture,0.984(0.966-0.997),0.950(0.871-1.000),0.960(0.934-0.982),0.991(0.976-1.000),0.812(0.698-0.911),0.958(0.934-0.981)
densenet121,test,Good Place,0.942(0.914-0.967),0.751(0.667-0.840),0.934(0.894-0.969),0.870(0.821-0.917),0.865(0.787-0.933),0.868(0.829-0.907)
densenet121,test,Spacer,1.000(1.000-1.000),1.000(1.000-1.000),0.987(0.971-1.000),1.000(1.000-1.000),0.839(0.643-1.000),0.988(0.973-1.000)
densenet121,test,Stem Loosening,0.974(0.950-0.991),0.825(0.647-0.960),0.970(0.947-0.991),0.983(0.966-0.996),0.722(0.538-0.897),0.957(0.930-0.981)
densenet121,test,Wear,0.875(0.749-0.966),0.531(0.278-0.769),0.979(0.959-0.992),0.967(0.942-0.988),0.634(0.375-0.867),0.949(0.919-0.973)
lsnet_b,test,Acetabular Loosening,0.921(0.880-0.957),0.759(0.641-0.871),0.921(0.879-0.956),0.930(0.892-0.965),0.735(0.621-0.850),0.884(0.845-0.922)
lsnet_b,test,Dislocation,0.999(0.995-1.000),0.756(0.499-1.000),1.000(1.000-1.000),0.988(0.975-1.000),1.000(1.000-1.000),0.989(0.977-1.000)
lsnet_b,test,Fracture,0.974(0.951-0.991),0.877(0.762-0.973),0.932(0.896-0.963),0.976(0.953-0.995),0.703(0.564-0.825),0.923(0.891-0.953)
lsnet_b,test,Good Place,0.926(0.893-0.956),0.742(0.653-0.828),0.892(0.842-0.933),0.860(0.807-0.911),0.794(0.706-0.872),0.838(0.791-0.884)
lsnet_b,test,Spacer,1.000(1.000-1.000),0.938(0.786-1.000),1.000(1.000-1.000),0.996(0.987-1.000),1.000(1.000-1.000),0.996(0.988-1.000)
lsnet_b,test,Stem Loosening,0.989(0.977-0.997),0.775(0.579-0.938),0.974(0.953-0.992),0.979(0.958-0.996),0.741(0.562-0.913),0.957(0.930-0.981)
lsnet_b,test,Wear,0.862(0.741-0.949),0.475(0.238-0.708),0.975(0.953-0.992),0.964(0.938-0.984),0.576(0.308-0.833),0.943(0.911-0.969)
starnet_s1,test,Acetabular Loosening,0.944(0.907-0.975),0.811(0.704-0.903),0.935(0.900-0.969),0.945(0.910-0.974),0.784(0.679-0.885),0.907(0.872-0.942)
starnet_s1,test,Dislocation,0.998(0.994-1.000),0.839(0.600-1.000),0.996(0.988-1.000),0.992(0.980-1.000),0.912(0.714-1.000),0.989(0.977-1.000)
starnet_s1,test,Fracture,0.959(0.930-0.981),0.824(0.694-0.927),0.937(0.901-0.967),0.967(0.940-0.986),0.706(0.571-0.837),0.919(0.888-0.953)
starnet_s1,test,Good Place,0.967(0.948-0.983),0.851(0.775-0.920),0.927(0.883-0.965),0.917(0.872-0.958),0.867(0.795-0.932),0.900(0.860-0.934)
starnet_s1,test,Spacer,1.000(1.000-1.000),1.000(1.000-1.000),1.000(1.000-1.000),1.000(1.000-1.000),1.000(1.000-1.000),1.000(1.000-1.000)
starnet_s1,test,Stem Loosening,0.884(0.794-0.961),0.635(0.421-0.833),0.996(0.987-1.000),0.967(0.942-0.988),0.931(0.778-1.000),0.965(0.938-0.984)
starnet_s1,test,Wear,0.908(0.798-0.979),0.647(0.375-0.875),0.971(0.948-0.988),0.975(0.953-0.992),0.607(0.368-0.824),0.950(0.922-0.973)
resnet18,test,Acetabular Loosening,0.906(0.865-0.944),0.691(0.571-0.808),0.889(0.845-0.930),0.909(0.868-0.950),0.643(0.532-0.768),0.845(0.802-0.891)
resnet18,test,Dislocation,0.973(0.907-1.000),0.835(0.571-1.000),0.996(0.988-1.000),0.992(0.980-1.000),0.911(0.714-1.000),0.989(0.977-1.000)
resnet18,test,Fracture,0.965(0.936-0.987),0.824(0.696-0.931),0.950(0.919-0.977),0.967(0.942-0.987),0.753(0.614-0.875),0.931(0.899-0.961)
resnet18,test,Good Place,0.937(0.909-0.962),0.828(0.740-0.905),0.868(0.817-0.917),0.900(0.853-0.946),0.778(0.696-0.859),0.853(0.810-0.895)
resnet18,test,Spacer,1.000(1.000-1.000),0.936(0.786-1.000),1.000(1.000-1.000),0.996(0.987-1.000),1.000(1.000-1.000),0.996(0.988-1.000)
resnet18,test,Stem Loosening,0.956(0.917-0.986),0.589(0.364-0.778),0.979(0.958-0.996),0.962(0.936-0.983),0.725(0.500-0.933),0.945(0.915-0.973)
resnet18,test,Wear,0.921(0.866-0.966),0.356(0.133-0.600),0.987(0.971-1.000),0.956(0.927-0.980),0.664(0.333-1.000),0.946(0.915-0.973)
mobilenetv4_m,test,Acetabular Loosening,0.842(0.782-0.900),0.586(0.458-0.717),0.860(0.812-0.909),0.878(0.833-0.923),0.547(0.424-0.678),0.798(0.748-0.849)
mobilenetv4_m,test,Dislocation,0.984(0.963-0.999),0.588(0.273-0.889),0.996(0.988-1.000),0.980(0.960-0.996),0.873(0.571-1.000),0.977(0.957-0.992)
mobilenetv4_m,test,Fracture,0.924(0.877-0.963),0.522(0.368-0.667),0.987(0.969-1.000),0.918(0.883-0.950),0.879(0.733-1.000),0.914(0.880-0.946)
mobilenetv4_m,test,Good Place,0.875(0.833-0.915),0.817(0.733-0.893),0.703(0.635-0.769),0.872(0.818-0.928),0.607(0.521-0.691),0.744(0.690-0.795)
mobilenetv4_m,test,Spacer,0.997(0.990-1.000),0.938(0.786-1.000),0.992(0.979-1.000),0.996(0.987-1.000),0.883(0.700-1.000),0.988(0.973-1.000)
mobilenetv4_m,test,Stem Loosening,0.962(0.929-0.986),0.683(0.476-0.875),0.970(0.948-0.991),0.970(0.946-0.991),0.686(0.500-0.870),0.946(0.915-0.973)
mobilenetv4_m,test,Wear,0.839(0.731-0.935),0.000(0.000-0.000),1.000(1.000-1.000),0.935(0.903-0.961),,0.935(0.903-0.961)
resnet50,test,Acetabular Loosening,0.890(0.838-0.936),0.777(0.662-0.877),0.830(0.777-0.881),0.928(0.885-0.965),0.570(0.463-0.681),0.818(0.767-0.864)
resnet50,test,Dislocation,0.922(0.759-1.000),0.589(0.300-0.875),1.000(1.000-1.000),0.980(0.964-0.996),1.000(1.000-1.000),0.981(0.965-0.996)
resnet50,test,Fracture,0.950(0.910-0.981),0.849(0.727-0.952),0.941(0.909-0.969),0.971(0.947-0.991),0.724(0.600-0.850),0.926(0.895-0.953)
resnet50,test,Good Place,0.887(0.844-0.924),0.677(0.577-0.767),0.861(0.808-0.910),0.826(0.766-0.879),0.733(0.637-0.819),0.795(0.744-0.845)
resnet50,test,Spacer,0.998(0.992-1.000),0.938(0.786-1.000),1.000(1.000-1.000),0.996(0.987-1.000),1.000(1.000-1.000),0.996(0.988-1.000)
resnet50,test,Stem Loosening,0.935(0.845-0.987),0.592(0.381-0.800),0.971(0.949-0.991),0.962(0.936-0.983),0.656(0.437-0.867),0.938(0.907-0.965)
resnet50,test,Wear,0.838(0.740-0.930),0.179(0.000-0.369),0.996(0.987-1.000),0.945(0.917-0.972),0.758(0.000-1.000),0.943(0.911-0.969)
googlenet,test,Acetabular Loosening,0.881(0.829-0.927),0.621(0.491-0.746),0.910(0.871-0.948),0.892(0.847-0.933),0.667(0.531-0.792),0.845(0.802-0.884)
googlenet,test,Dislocation,0.950(0.851-1.000),0.756(0.500-1.000),0.992(0.979-1.000),0.988(0.975-1.000),0.814(0.562-1.000),0.981(0.961-0.996)
googlenet,test,Fracture,0.872(0.801-0.938),0.502(0.343-0.667),0.960(0.931-0.982),0.913(0.877-0.948),0.697(0.520-0.857),0.889(0.849-0.926)
googlenet,test,Good Place,0.873(0.822-0.916),0.529(0.427-0.625),0.946(0.907-0.977),0.781(0.721-0.840),0.846(0.745-0.932),0.796(0.744-0.845)
googlenet,test,Spacer,0.998(0.994-1.000),1.000(1.000-1.000),0.814(0.762-0.861),1.000(1.000-1.000),0.264(0.151-0.377),0.826(0.779-0.868)
googlenet,test,Stem Loosening,0.919(0.853-0.970),0.638(0.421-0.850),0.903(0.865-0.938),0.964(0.937-0.986),0.382(0.226-0.536),0.880(0.841-0.915)
googlenet,test,Wear,0.827(0.711-0.916),0.236(0.053-0.455),0.984(0.967-0.996),0.948(0.920-0.973),0.500(0.143-0.834),0.935(0.903-0.965)
