excel_model,split,class,auc,sensitivity,specificity,npv,ppv,acc
casgnet,test,Dislocation,1.000(1.000-1.000),0.663(0.125-1.000),1.000(1.000-1.000),0.991(0.978-1.000),1.000(1.000-1.000),0.991(0.978-1.000)
casgnet,test,Spacer,1.000(0.998-1.000),0.943(0.812-1.000),1.000(1.000-1.000),0.995(0.986-1.000),1.000(1.000-1.000),0.996(0.987-1.000)
casgnet,test,Fracture,0.979(0.961-0.992),0.766(0.609-0.905),0.970(0.944-0.990),0.960(0.929-0.985),0.816(0.667-0.938),0.939(0.909-0.965)
casgnet,test,Good Place,0.972(0.953-0.988),0.990(0.967-1.000),0.679(0.594-0.752),0.989(0.965-1.000),0.699(0.622-0.770),0.813(0.761-0.861)
casgnet,test,Stem Loosening,0.959(0.902-1.000),0.509(0.000-1.000),0.987(0.973-1.000),0.991(0.978-1.000),0.408(0.000-1.000),0.979(0.957-0.996)
casgnet,test,Acetabular Loosening,0.928(0.883-0.963),0.391(0.273-0.517),0.976(0.951-0.994),0.817(0.762-0.867),0.855(0.714-0.966),0.822(0.770-0.870)
casgnet,test,Wear,0.914(0.830-0.991),0.558(0.200-0.889),1.000(1.000-1.000),0.982(0.964-0.996),1.000(1.000-1.000),0.983(0.965-0.996)
mobilenetv4_m,test,Dislocation,1.000(1.000-1.000),1.000(1.000-1.000),1.000(1.000-1.000),1.000(1.000-1.000),1.000(1.000-1.000),1.000(1.000-1.000)
mobilenetv4_m,test,Spacer,0.999(0.995-1.000),0.882(0.700-1.000),1.000(1.000-1.000),0.991(0.977-1.000),1.000(1.000-1.000),0.991(0.978-1.000)
mobilenetv4_m,test,Wear,0.990(0.974-1.000),0.338(0.000-0.667),1.000(1.000-1.000),0.973(0.951-0.991),1.000(1.000-1.000),0.974(0.952-0.991)
mobilenetv4_m,test,Fracture,0.986(0.965-0.998),0.883(0.763-0.972),0.980(0.957-0.995),0.979(0.959-0.995),0.885(0.763-0.974),0.965(0.939-0.987)
mobilenetv4_m,test,Acetabular Loosening,0.938(0.903-0.968),0.851(0.754-0.931),0.894(0.847-0.939),0.944(0.907-0.975),0.743(0.636-0.846),0.883(0.839-0.922)
mobilenetv4_m,test,Good Place,0.930(0.896-0.958),0.840(0.766-0.907),0.862(0.803-0.919),0.877(0.816-0.931),0.821(0.745-0.892),0.853(0.809-0.896)
mobilenetv4_m,test,Stem Loosening,0.688(0.432-1.000),0.240(0.000-1.000),1.000(1.000-1.000),0.987(0.973-1.000),1.000(1.000-1.000),0.987(0.974-1.000)
starnet_s1,test,Dislocation,1.000(1.000-1.000),0.832(0.500-1.000),1.000(1.000-1.000),0.996(0.986-1.000),1.000(1.000-1.000),0.996(0.987-1.000)
starnet_s1,test,Spacer,1.000(1.000-1.000),1.000(1.000-1.000),1.000(1.000-1.000),1.000(1.000-1.000),1.000(1.000-1.000),1.000(1.000-1.000)
starnet_s1,test,Acetabular Loosening,0.991(0.980-0.998),1.000(1.000-1.000),0.941(0.901-0.975),1.000(1.000-1.000),0.858(0.772-0.934),0.956(0.926-0.983)
starnet_s1,test,Good Place,0.985(0.973-0.994),0.849(0.775-0.915),0.970(0.937-0.993),0.895(0.844-0.942),0.955(0.907-0.989),0.918(0.878-0.948)
starnet_s1,test,Fracture,0.980(0.953-0.998),0.914(0.811-1.000),0.965(0.938-0.990),0.985(0.965-1.000),0.821(0.684-0.933),0.957(0.930-0.983)
starnet_s1,test,Wear,0.886(0.668-1.000),0.664(0.333-1.000),0.986(0.968-1.000),0.986(0.969-1.000),0.667(0.333-1.000),0.974(0.952-0.991)
starnet_s1,test,Stem Loosening,0.779(0.311-1.000),0.506(0.000-1.000),1.000(1.000-1.000),0.991(0.978-1.000),1.000(1.000-1.000),0.991(0.978-1.000)
densenet121,test,Dislocation,1.000(1.000-1.000),1.000(1.000-1.000),0.995(0.986-1.000),1.000(1.000-1.000),0.849(0.500-1.000),0.996(0.987-1.000)
densenet121,test,Spacer,1.000(1.000-1.000),1.000(1.000-1.000),0.958(0.927-0.981),1.000(1.000-1.000),0.654(0.444-0.833),0.961(0.935-0.983)
densenet121,test,Fracture,0.979(0.960-0.994),0.941(0.833-1.000),0.919(0.877-0.954),0.989(0.973-1.000),0.671(0.540-0.796),0.922(0.887-0.957)
densenet121,test,Stem Loosening,0.934(0.857-1.000),0.491(0.000-1.000),0.951(0.921-0.978),0.991(0.977-1.000),0.150(0.000-0.385),0.943(0.913-0.970)
densenet121,test,Acetabular Loosening,0.922(0.883-0.958),0.509(0.379-0.633),0.930(0.890-0.965),0.840(0.789-0.891),0.722(0.578-0.848),0.818(0.769-0.865)
densenet121,test,Good Place,0.916(0.881-0.946),0.649(0.553-0.741),0.871(0.813-0.926),0.767(0.696-0.830),0.791(0.699-0.871),0.776(0.717-0.830)
densenet121,test,Wear,0.803(0.602-0.950),0.454(0.125-0.800),0.964(0.936-0.987),0.977(0.957-0.995),0.345(0.091-0.667),0.944(0.913-0.974)
resnet18,test,Spacer,0.999(0.997-1.000),0.877(0.687-1.000),1.000(1.000-1.000),0.990(0.976-1.000),1.000(1.000-1.000),0.991(0.978-1.000)
resnet18,test,Fracture,0.954(0.920-0.981),0.795(0.654-0.925),0.934(0.898-0.967),0.963(0.933-0.989),0.679(0.536-0.818),0.913(0.878-0.948)
resnet18,test,Dislocation,0.949(0.836-1.000),0.827(0.493-1.000),0.995(0.986-1.000),0.995(0.986-1.000),0.828(0.500-1.000),0.991(0.978-1.000)
resnet18,test,Wear,0.937(0.856-1.000),0.667(0.333-1.000),0.982(0.964-0.996),0.986(0.968-1.000),0.605(0.286-0.900),0.969(0.943-0.991)
resnet18,test,Good Place,0.918(0.884-0.948),0.799(0.719-0.875),0.796(0.728-0.862),0.840(0.776-0.903),0.747(0.664-0.825),0.797(0.748-0.844)
resnet18,test,Acetabular Loosening,0.917(0.880-0.951),0.513(0.377-0.644),0.917(0.873-0.957),0.840(0.785-0.890),0.691(0.554-0.824),0.810(0.757-0.861)
resnet18,test,Stem Loosening,0.873(0.694-1.000),0.496(0.000-1.000),0.973(0.952-0.991),0.991(0.977-1.000),0.249(0.000-0.600),0.965(0.939-0.987)
googlenet,test,Spacer,1.000(0.998-1.000),1.000(1.000-1.000),0.953(0.922-0.981),1.000(1.000-1.000),0.628(0.444-0.810),0.956(0.930-0.983)
googlenet,test,Fracture,0.997(0.988-1.000),1.000(1.000-1.000),0.990(0.974-1.000),1.000(1.000-1.000),0.946(0.868-1.000),0.991(0.978-1.000)
googlenet,test,Acetabular Loosening,0.984(0.963-0.998),0.921(0.841-0.983),0.982(0.959-1.000),0.972(0.944-0.994),0.948(0.884-1.000),0.966(0.939-0.987)
googlenet,test,Good Place,0.965(0.940-0.986),0.858(0.788-0.922),0.985(0.963-1.000),0.902(0.851-0.945),0.978(0.945-1.000),0.931(0.896-0.961)
googlenet,test,Dislocation,0.935(0.777-1.000),0.841(0.500-1.000),0.996(0.986-1.000),0.996(0.986-1.000),0.840(0.500-1.000),0.992(0.978-1.000)
googlenet,test,Wear,0.916(0.726-1.000),0.778(0.461-1.000),0.991(0.977-1.000),0.991(0.977-1.000),0.782(0.500-1.000),0.983(0.965-0.996)
googlenet,test,Stem Loosening,0.743(0.467-1.000),0.496(0.000-1.000),0.983(0.964-0.996),0.991(0.978-1.000),0.340(0.000-0.803),0.974(0.956-0.991)
resnet50,test,Spacer,0.998(0.990-1.000),0.943(0.812-1.000),1.000(1.000-1.000),0.995(0.986-1.000),1.000(1.000-1.000),0.996(0.987-1.000)
resnet50,test,Acetabular Loosening,0.992(0.984-0.999),0.984(0.948-1.000),0.971(0.944-0.994),0.994(0.981-1.000),0.923(0.855-0.983),0.974(0.952-0.991)
resnet50,test,Good Place,0.991(0.980-0.998),0.990(0.967-1.000),0.962(0.926-0.992),0.992(0.975-1.000),0.952(0.906-0.990),0.974(0.952-0.991)
resnet50,test,Fracture,0.962(0.917-0.991),0.794(0.656-0.927),0.985(0.965-1.000),0.965(0.940-0.989),0.902(0.783-1.000),0.957(0.930-0.983)
resnet50,test,Wear,0.958(0.854-1.000),0.891(0.615-1.000),1.000(1.000-1.000),0.996(0.986-1.000),1.000(1.000-1.000),0.996(0.987-1.000)
resnet50,test,Dislocation,0.877(0.597-1.000),0.685(0.250-1.000),1.000(1.000-1.000),0.992(0.978-1.000),1.000(1.000-1.000),0.992(0.978-1.000)
resnet50,test,Stem Loosening,0.769(0.170-0.996),0.506(0.000-1.000),0.991(0.978-1.000),0.991(0.978-1.000),0.510(0.000-1.000),0.983(0.965-0.996)
lsnet_b,test,Spacer,1.000(1.000-1.000),0.943(0.812-1.000),1.000(1.000-1.000),0.995(0.982-1.000),1.000(1.000-1.000),0.996(0.983-1.000)
lsnet_b,test,Dislocation,0.998(0.989-1.000),0.490(0.000-1.000),1.000(1.000-1.000),0.987(0.969-1.000),1.000(1.000-1.000),0.987(0.970-1.000)
lsnet_b,test,Fracture,0.978(0.957-0.994),0.854(0.724-0.967),0.930(0.893-0.964),0.973(0.949-0.995),0.680(0.538-0.816),0.919(0.883-0.952)
lsnet_b,test,Stem Loosening,0.976(0.912-1.000),0.750(0.000-1.000),0.978(0.955-0.996),0.996(0.986-1.000),0.377(0.000-0.778),0.974(0.948-0.991)
lsnet_b,test,Good Place,0.924(0.888-0.953),0.708(0.623-0.786),0.856(0.795-0.917),0.796(0.725-0.858),0.788(0.704-0.872),0.793(0.735-0.843)
lsnet_b,test,Acetabular Loosening,0.917(0.878-0.951),0.674(0.552-0.786),0.899(0.850-0.942),0.885(0.834-0.930),0.705(0.590-0.820),0.839(0.791-0.883)
lsnet_b,test,Wear,0.813(0.595-0.959),0.454(0.125-0.800),0.960(0.931-0.982),0.977(0.957-0.995),0.317(0.083-0.600),0.940(0.909-0.965)
